Brand,Price,MRP,Discount,Deals,Strap Size,Strap Color,Display Size
Boult,1399,4499,68,Hot Deal,Free Size,Black Strap,1.95
Noise,1749,6999,75,Bank Offer,Regular,Pink Strap,1.96
OMNIKART,725,7999,90,Bank Offer,All,Orange Strap,1.743
SmartOne,785,15664,94,Bank Offer,Free,Orange Alpine Strap,1.743
Ephemeral,920,5999,84,Bank Offer,Free,Orange Strap,1.9
Pebble,1999,5999,66,Bank Offer,Free Size,Black Strap,1.39
Boult,2499,6999,64,Hot Deal,Free Size,Silver Strap,1.43
Boult,1499,8499,82,Bank Offer,Free Size,Denim Blue Strap,1.85
gotten,755,14999,94,Daily Saver,Free Size,Orange Strap,1.743
sanwaria,950,4999,80,Bank Offer,Free,Black Strap,1.9
Boult,1399,4499,68,Hot Deal,Free Size,Yellow Strap,1.95
Boult,2299,9999,77,Bank Offer,Free Size,Blue Strap,1.78
Gamesir,1500,4999,69,Hot Deal, 1.9 Inch Big Sunlight Proof Display,Gold Strap,1.743
LuxuryKase,1619,3999,59,Bank Offer,Free Size,Black Strap,1.743
VINJURI,759,5999,87,Bank Offer,Free Size,Orange Strap,1.743
PunnkFunnk,699,2999,76,Bank Offer,Free Size,Black Strap,1.743
Noise,1999,7999,75,Bank Offer,Regular,Black Strap,1.91
Noise,1749,6999,75,Bank Offer,Regular,Deep Wine Strap,1.96
beatXP,1499,5499,72,Bank Offer,Free Size,Persian Blue Strap,1.38
Melbon,1000,1999,49,Bank Offer,M,Orange Strap,1.743
Noise,1699,6999,75,Bank Offer,Regular,Black Strap,1.96
Boult,2499,6999,64,Hot Deal,Free Size,Jet Black Strap,1.43
Pebble,2299,6499,64,Bank Offer,Free Size,Grey Strap,1.39
Olivepranc,2198,9999,78,Daily Saver,L,Rose Pink,1.743
WELLSYS,29999,59999,50,Bank Offer,Free Size,Orange Strap,1.743
NIKHILX,799,3499,77,Bank Offer,Free,Classic Black Strap,1.743
Boult,1499,8499,82,Bank Offer,Free Size,Snow Leather Strap,1.85
TXOR,1999,4999,60,Bank Offer,Free Size,Black Strap,1.78
WELLSYS,6999,12999,46,Bank Offer,Free Size,Orange Alpine Strap,1.743
Pebble,1999,5999,66,Bank Offer,Free Size,Orange Strap,1.39
Boult,2299,9999,77,Bank Offer,Free Size,Black Strap,1.78
Ambrane,1499,5299,71,Daily Saver,Regular,Green Strap,1.85
Bonafide,1169,6999,83,Bank Offer,Free Size,Black Strap,2.19
Sekyo,2198,3999,45,Bank Offer,Regular,Blue Strap,1.743
Wings,1999,3999,50,Bank Offer,One Size,Tan Strap,2.01
ASAAN,759,9999,92,Bank Offer,Free Size,Orange Strap,1.743
Noise,1999,7999,75,Bank Offer,Regular,Metallic Black Strap,1.91
Boult,2499,5999,58,Bank Offer,Free Size,Midnight Marine Strap,1.52
VINJURI,849,5999,85,Bank Offer,For All,Orange Strap,1.743
SmartOne,819,14999,94,Bank Offer,Free,Classic Black Strap,1.743
Boult,1399,4499,68,Hot Deal,Free Size,Black Strap,1.95
Noise,1749,6999,75,Bank Offer,Regular,Pink Strap,1.96
OMNIKART,725,7999,90,Bank Offer,All,Orange Strap,1.743
SmartOne,785,15664,94,Bank Offer,Free,Orange Alpine Strap,1.743
Ephemeral,920,5999,84,Bank Offer,Free,Orange Strap,1.9
Pebble,1999,5999,66,Bank Offer,Free Size,Black Strap,1.39
Boult,1499,8499,82,Bank Offer,Free Size,Denim Blue Strap,1.85
Boult,2499,6999,64,Hot Deal,Free Size,Silver Strap,1.43
gotten,755,14999,94,Daily Saver,Free Size,Orange Strap,1.743
sanwaria,950,4999,80,Bank Offer,Free,Black Strap,1.9
Noise,1999,7999,75,Bank Offer,Regular,Black Strap,1.91
Boult,1399,4499,68,Hot Deal,Free Size,Yellow Strap,1.95
Gamesir,1500,4999,69,Hot Deal, 1.9 Inch Big Sunlight Proof Display,Gold Strap,1.743
LuxuryKase,1619,3999,59,Bank Offer,Free Size,Black Strap,1.743
VINJURI,759,5999,87,Bank Offer,Free Size,Orange Strap,1.743
PunnkFunnk,699,2999,76,Bank Offer,Free Size,Black Strap,1.743
Boult,2299,9999,77,Bank Offer,Free Size,Blue Strap,1.78
Noise,1749,6999,75,Bank Offer,Regular,Deep Wine Strap,1.96
beatXP,1499,5499,72,Bank Offer,Free Size,Persian Blue Strap,1.38
Melbon,1000,1999,49,Bank Offer,M,Orange Strap,1.743
Noise,1699,6999,75,Bank Offer,Regular,Black Strap,1.96
Boult,2499,6999,64,Hot Deal,Free Size,Jet Black Strap,1.43
Pebble,2299,6499,64,Bank Offer,Free Size,Grey Strap,1.39
Olivepranc,2198,9999,78,Daily Saver,L,Rose Pink,1.743
WELLSYS,29999,59999,50,Bank Offer,Free Size,Orange Strap,1.743
NIKHILX,799,3499,77,Bank Offer,Free,Classic Black Strap,1.743
Boult,1499,8499,82,Bank Offer,Free Size,Snow Leather Strap,1.85
Noise,1799,4999,64,Bank Offer,Regular,Green Strap,1.38
WELLSYS,6999,12999,46,Bank Offer,Free Size,Orange Alpine Strap,1.743
Pebble,1999,5999,66,Bank Offer,Free Size,Orange Strap,1.39
TXOR,1999,4999,60,Bank Offer,Free Size,Black Strap,1.78
Boult,2299,9999,77,Bank Offer,Free Size,Black Strap,1.78
Bonafide,1169,6999,83,Bank Offer,Free Size,Black Strap,2.19
Sekyo,2198,3999,45,Bank Offer,Regular,Blue Strap,1.743
Wings,1999,3999,50,Bank Offer,One Size,Tan Strap,2.01
ASAAN,759,9999,92,Bank Offer,Free Size,Orange Strap,1.743
Ambrane,1499,5299,71,Daily Saver,Regular,Green Strap,1.85
Boult,2499,5999,58,Bank Offer,Free Size,Midnight Marine Strap,1.52
VINJURI,849,5999,85,Bank Offer,For All,Orange Strap,1.743
SmartOne,819,14999,94,Bank Offer,Free,Classic Black Strap,1.743
Boult,1399,4499,68,Hot Deal,Free Size,Black Strap,1.95
Noise,1749,6999,75,Bank Offer,Regular,Pink Strap,1.96
OMNIKART,725,7999,90,Bank Offer,All,Orange Strap,1.743
SmartOne,785,15664,94,Bank Offer,Free,Orange Alpine Strap,1.743
Ephemeral,920,5999,84,Bank Offer,Free,Orange Strap,1.9
Pebble,1999,5999,66,Bank Offer,Free Size,Black Strap,1.39
Boult,1499,8499,82,Bank Offer,Free Size,Denim Blue Strap,1.85
Boult,2499,6999,64,Hot Deal,Free Size,Silver Strap,1.43
gotten,755,14999,94,Daily Saver,Free Size,Orange Strap,1.743
sanwaria,950,4999,80,Bank Offer,Free,Black Strap,1.9
Noise,1999,7999,75,Bank Offer,Regular,Black Strap,1.91
Boult,1399,4499,68,Hot Deal,Free Size,Yellow Strap,1.95
Gamesir,1500,4999,69,Hot Deal, 1.9 Inch Big Sunlight Proof Display,Gold Strap,1.743
LuxuryKase,1619,3999,59,Bank Offer,Free Size,Black Strap,1.743
VINJURI,759,5999,87,Bank Offer,Free Size,Orange Strap,1.743
PunnkFunnk,699,2999,76,Bank Offer,Free Size,Black Strap,1.743
Boult,2299,9999,77,Bank Offer,Free Size,Blue Strap,1.78
Noise,1799,4999,64,Save extra with combo offers,Regular,Black Strap,1.38
beatXP,1499,5499,72,Bank Offer,Free Size,Persian Blue Strap,1.38
Melbon,1000,1999,49,Bank Offer,M,Orange Strap,1.743
Noise,1749,6999,75,Bank Offer,Regular,Deep Wine Strap,1.96
Noise,1699,6999,75,Bank Offer,Regular,Black Strap,1.96
Pebble,2299,6499,64,Bank Offer,Free Size,Grey Strap,1.39
Olivepranc,2198,9999,78,Daily Saver,L,Rose Pink,1.743
WELLSYS,29999,59999,50,Bank Offer,Free Size,Orange Strap,1.743
NIKHILX,799,3499,77,Bank Offer,Free,Classic Black Strap,1.743
Boult,2499,6999,64,Hot Deal,Free Size,Jet Black Strap,1.43
Boult,1499,8499,82,Bank Offer,Free Size,Snow Leather Strap,1.85
WELLSYS,6999,12999,46,Bank Offer,Free Size,Orange Alpine Strap,1.743
Pebble,1999,5999,66,Bank Offer,Free Size,Orange Strap,1.39
TXOR,1999,4999,60,Bank Offer,Free Size,Black Strap,1.78
Boult,2299,9999,77,Bank Offer,Free Size,Black Strap,1.78
Bonafide,1169,6999,83,Bank Offer,Free Size,Black Strap,2.19
Sekyo,2198,3999,45,Bank Offer,Regular,Blue Strap,1.743
Wings,1999,3999,50,Bank Offer,One Size,Tan Strap,2.01
ASAAN,759,9999,92,Bank Offer,Free Size,Orange Strap,1.743
Ambrane,1499,5299,71,Daily Saver,Regular,Green Strap,1.85
Boult,2499,5999,58,Bank Offer,Free Size,Midnight Marine Strap,1.52
VINJURI,849,5999,85,Bank Offer,For All,Orange Strap,1.743
SmartOne,819,14999,94,Bank Offer,Free,Classic Black Strap,1.743
Boult,1399,4499,68,Hot Deal,Free Size,Black Strap,1.95
Noise,1749,6999,75,Bank Offer,Regular,Pink Strap,1.96
OMNIKART,725,7999,90,Bank Offer,All,Orange Strap,1.743
SmartOne,785,15664,94,Bank Offer,Free,Orange Alpine Strap,1.743
Ephemeral,920,5999,84,Bank Offer,Free,Orange Strap,1.9
Pebble,1999,5999,66,Bank Offer,Free Size,Black Strap,1.39
Boult,2499,6999,64,Hot Deal,Free Size,Silver Strap,1.43
Boult,1499,8499,82,Bank Offer,Free Size,Denim Blue Strap,1.85
gotten,755,14999,94,Daily Saver,Free Size,Orange Strap,1.743
sanwaria,950,4999,80,Bank Offer,Free,Black Strap,1.9
Boult,1399,4499,68,Hot Deal,Free Size,Yellow Strap,1.95
Boult,2299,9999,77,Bank Offer,Free Size,Blue Strap,1.78
Gamesir,1500,4999,69,Hot Deal, 1.9 Inch Big Sunlight Proof Display,Gold Strap,1.743
LuxuryKase,1619,3999,59,Bank Offer,Free Size,Black Strap,1.743
VINJURI,759,5999,87,Bank Offer,Free Size,Orange Strap,1.743
PunnkFunnk,699,2999,76,Bank Offer,Free Size,Black Strap,1.743
Noise,1999,7999,75,Bank Offer,Regular,Black Strap,1.91
Noise,1749,6999,75,Bank Offer,Regular,Deep Wine Strap,1.96
beatXP,1499,5499,72,Bank Offer,Free Size,Persian Blue Strap,1.38
Melbon,1000,1999,49,Bank Offer,M,Orange Strap,1.743
Noise,1699,6999,75,Bank Offer,Regular,Black Strap,1.96
Boult,2499,6999,64,Hot Deal,Free Size,Jet Black Strap,1.43
Pebble,2299,6499,64,Bank Offer,Free Size,Grey Strap,1.39
Olivepranc,2198,9999,78,Daily Saver,L,Rose Pink,1.743
WELLSYS,29999,59999,50,Bank Offer,Free Size,Orange Strap,1.743
NIKHILX,799,3499,77,Bank Offer,Free,Classic Black Strap,1.743
Boult,1499,8499,82,Bank Offer,Free Size,Snow Leather Strap,1.85
Boult,2299,9999,77,Bank Offer,Free Size,Black Strap,1.78
WELLSYS,6999,12999,46,Bank Offer,Free Size,Orange Alpine Strap,1.743
Pebble,1999,5999,66,Bank Offer,Free Size,Orange Strap,1.39
TXOR,1999,4999,60,Bank Offer,Free Size,Black Strap,1.78
Boult,2499,5999,58,Bank Offer,Free Size,Midnight Marine Strap,1.52
Bonafide,1169,6999,83,Bank Offer,Free Size,Black Strap,2.19
Sekyo,2198,3999,45,Bank Offer,Regular,Blue Strap,1.743
Wings,1999,3999,50,Bank Offer,One Size,Tan Strap,2.01
ASAAN,759,9999,92,Bank Offer,Free Size,Orange Strap,1.743
Ambrane,1499,5299,71,Daily Saver,Regular,Green Strap,1.85
Noise,1729,6999,75,Bank Offer,Regular,Blue Strap,1.96
VINJURI,849,5999,85,Bank Offer,For All,Orange Strap,1.743
SmartOne,819,14999,94,Bank Offer,Free,Classic Black Strap,1.743
Boult,1399,4499,68,Hot Deal,Free Size,Black Strap,1.95
Noise,1749,6999,75,Bank Offer,Regular,Pink Strap,1.96
boAt,2499,6499,61,Bank Offer,Free Size,Blue Strap,1.743
Olivepranc,2198,9999,78,Daily Saver,L,Rose Pink,1.743
Melbon,1700,5000,66,Bank Offer,One Size,Gold Strap,1.743
OMNIKART,649,2499,74,Bank Offer,Free Size,Black Strap,1.743
Boult,2499,6999,64,Hot Deal,Free Size,Silver Strap,1.43
Boult,1499,8499,82,Bank Offer,Free Size,Denim Blue Strap,1.85
Ykarn,490,1499,67,Bank Offer,Free,Black Strap,1.743
beatXP,2299,7999,71,Bank Offer,Free Size,Electric Black Strap,1.96
Noise,1999,7999,75,Bank Offer,Regular,Black Strap,1.91
Boult,1399,4499,68,Hot Deal,Free Size,Yellow Strap,1.95
APEX,841,1399,39,Bank Offer,Regular,Black Strap,1.743
VINJURI,794,5899,86,Bank Offer,Free Size,Orange Strap,1.743
Lookar,780,3999,80,Bank Offer,For All,Orange Strap,1.743
Melbon,1500,4999,69,Bank Offer,Free,Aqua Blue Strap,1.743
Boult,2299,9999,77,Bank Offer,Free Size,Blue Strap,1.78
Noise,1799,4999,64,Save extra with combo offers,Regular,Black Strap,1.38
JANROCK,899,2499,64,Hot Deal,Free Size,Orange Strap,1.743
Pebble,1999,5999,66,Bank Offer,Free Size,Black Strap,1.39
Noise,1749,6999,75,Bank Offer,Regular,Deep Wine Strap,1.96
Noise,1699,6999,75,Bank Offer,Regular,Black Strap,1.96
NIKHILX,799,2499,68,Bank Offer,For All,Orange Alpine Strap,1.743
FITRIC,698,2999,76,Bank Offer,One Size,Black Strap,1.743
NAS,742,3999,81,Bank Offer,Free,Orange Strap,1.743
HLMT,399,999,60,Bank Offer,M,Orange Strap,1.743
Boult,2499,6999,64,Hot Deal,Free Size,Jet Black Strap,1.43
Boult,1499,8499,82,Bank Offer,Free Size,Snow Leather Strap,1.85
Pebble,2299,6499,64,Bank Offer,Free Size,Blue Strap,1.39
Fire-Boltt,1999,15999,87,Bank Offer,Free Size,Active Black Strap,1.43
Noise,1799,4999,64,Bank Offer,Regular,Green Strap,1.38
Boult,2299,9999,77,Bank Offer,Free Size,Black Strap,1.78
Ucool,799,7999,90,Bank Offer,Regular,Black Strap,1.96
TECHMAZE,799,1999,60,Bank Offer,Free,Black Strap,1.743
TECHOFFICIAL,349,899,61,Bank Offer,Free,Black Strap,1.743
ULTRON,1999,6999,71,Bank Offer,Free,Purple Strap,1.743
TXOR,1999,4999,60,Bank Offer,Free Size,Black Strap,1.78
Noise,1999,7999,75,Bank Offer,Regular,Metallic Black Strap,1.91
Like,899,4999,82,Bank Offer,L,Orange Strap,1.743
Techfly,918,5999,84,Bank Offer,Free,Black Strap,1.743
Boult,1399,4499,68,Hot Deal,Free Size,Black Strap,1.95
Noise,1749,6999,75,Bank Offer,Regular,Pink Strap,1.96
boAt,2499,6499,61,Bank Offer,Free Size,Blue Strap,1.743
Olivepranc,2198,9999,78,Daily Saver,L,Rose Pink,1.743
Melbon,1700,5000,66,Bank Offer,One Size,Gold Strap,1.743
OMNIKART,649,2499,74,Bank Offer,Free Size,Black Strap,1.743
Boult,2499,6999,64,Hot Deal,Free Size,Silver Strap,1.43
Boult,1499,8499,82,Bank Offer,Free Size,Denim Blue Strap,1.85
Ykarn,490,1499,67,Bank Offer,Free,Black Strap,1.743
beatXP,2299,7999,71,Bank Offer,Free Size,Electric Black Strap,1.96
Noise,1999,7999,75,Bank Offer,Regular,Black Strap,1.91
Boult,1399,4499,68,Hot Deal,Free Size,Yellow Strap,1.95
APEX,841,1399,39,Bank Offer,Regular,Black Strap,1.743
VINJURI,794,5899,86,Bank Offer,Free Size,Orange Strap,1.743
Lookar,780,3999,80,Bank Offer,For All,Orange Strap,1.743
Melbon,1500,4999,69,Bank Offer,Free,Aqua Blue Strap,1.743
Boult,2299,9999,77,Bank Offer,Free Size,Blue Strap,1.78
Noise,1799,4999,64,Save extra with combo offers,Regular,Black Strap,1.38
JANROCK,899,2499,64,Hot Deal,Free Size,Orange Strap,1.743
Pebble,1999,5999,66,Bank Offer,Free Size,Black Strap,1.39
Noise,1749,6999,75,Bank Offer,Regular,Deep Wine Strap,1.96
Noise,1699,6999,75,Bank Offer,Regular,Black Strap,1.96
NIKHILX,799,2499,68,Bank Offer,For All,Orange Alpine Strap,1.743
FITRIC,698,2999,76,Bank Offer,One Size,Black Strap,1.743
NAS,742,3999,81,Bank Offer,Free,Orange Strap,1.743
HLMT,399,999,60,Bank Offer,M,Orange Strap,1.743
Boult,2499,6999,64,Hot Deal,Free Size,Jet Black Strap,1.43
Boult,1499,8499,82,Bank Offer,Free Size,Snow Leather Strap,1.85
Pebble,2299,6499,64,Bank Offer,Free Size,Blue Strap,1.39
Fire-Boltt,1999,15999,87,Bank Offer,Free Size,Active Black Strap,1.43
Noise,1799,4999,64,Bank Offer,Regular,Green Strap,1.38
Boult,2299,9999,77,Bank Offer,Free Size,Black Strap,1.78
Ucool,799,7999,90,Bank Offer,Regular,Black Strap,1.96
TECHMAZE,799,1999,60,Bank Offer,Free,Black Strap,1.743
TECHOFFICIAL,349,899,61,Bank Offer,Free,Black Strap,1.743
ULTRON,1999,6999,71,Bank Offer,Free,Purple Strap,1.743
TXOR,1999,4999,60,Bank Offer,Free Size,Black Strap,1.78
Noise,1999,7999,75,Bank Offer,Regular,Metallic Black Strap,1.91
Like,899,4999,82,Bank Offer,L,Orange Strap,1.743
Techfly,918,5999,84,Bank Offer,Free,Black Strap,1.743
Boult,1399,4499,68,Hot Deal,Free Size,Black Strap,1.95
Noise,1749,6999,75,Bank Offer,Regular,Pink Strap,1.96
OMNIKART,725,7999,90,Bank Offer,All,Orange Strap,1.743
SmartOne,785,15664,94,Bank Offer,Free,Orange Alpine Strap,1.743
Ephemeral,920,5999,84,Bank Offer,Free,Orange Strap,1.9
Pebble,1999,5999,66,Bank Offer,Free Size,Black Strap,1.39
Boult,2499,6999,64,Hot Deal,Free Size,Silver Strap,1.43
Boult,1499,8499,82,Bank Offer,Free Size,Denim Blue Strap,1.85
gotten,755,14999,94,Daily Saver,Free Size,Orange Strap,1.743
sanwaria,950,4999,80,Bank Offer,Free,Black Strap,1.9
Boult,1399,4499,68,Hot Deal,Free Size,Yellow Strap,1.95
Boult,2299,9999,77,Bank Offer,Free Size,Blue Strap,1.78
Gamesir,1500,4999,69,Hot Deal, 1.9 Inch Big Sunlight Proof Display,Gold Strap,1.743
LuxuryKase,1619,3999,59,Bank Offer,Free Size,Black Strap,1.743
VINJURI,759,5999,87,Bank Offer,Free Size,Orange Strap,1.743
PunnkFunnk,699,2999,76,Bank Offer,Free Size,Black Strap,1.743
Noise,1999,7999,75,Bank Offer,Regular,Black Strap,1.91
Noise,1749,6999,75,Bank Offer,Regular,Deep Wine Strap,1.96
beatXP,1499,5499,72,Bank Offer,Free Size,Persian Blue Strap,1.38
Melbon,1000,1999,49,Bank Offer,M,Orange Strap,1.743
Noise,1799,4999,64,Save extra with combo offers,Regular,Black Strap,1.38
Noise,1699,6999,75,Bank Offer,Regular,Black Strap,1.96
Pebble,2299,6499,64,Bank Offer,Free Size,Grey Strap,1.39
Olivepranc,2198,9999,78,Daily Saver,L,Rose Pink,1.743
WELLSYS,29999,59999,50,Bank Offer,Free Size,Orange Strap,1.743
NIKHILX,799,3499,77,Bank Offer,Free,Classic Black Strap,1.743
Boult,2499,6999,64,Hot Deal,Free Size,Jet Black Strap,1.43
Boult,1499,8499,82,Bank Offer,Free Size,Snow Leather Strap,1.85
WELLSYS,6999,12999,46,Bank Offer,Free Size,Orange Alpine Strap,1.743
Pebble,1999,5999,66,Bank Offer,Free Size,Orange Strap,1.39
Boult,2299,9999,77,Bank Offer,Free Size,Black Strap,1.78
TXOR,1999,4999,60,Bank Offer,Free Size,Black Strap,1.78
Bonafide,1169,6999,83,Bank Offer,Free Size,Black Strap,2.19
Sekyo,2198,3999,45,Bank Offer,Regular,Blue Strap,1.743
Wings,1999,3999,50,Bank Offer,One Size,Tan Strap,2.01
ASAAN,759,9999,92,Bank Offer,Free Size,Orange Strap,1.743
Noise,1999,7999,75,Bank Offer,Regular,Metallic Black Strap,1.91
Ambrane,1499,5299,71,Daily Saver,Regular,Green Strap,1.85
VINJURI,849,5999,85,Bank Offer,For All,Orange Strap,1.743
SmartOne,819,14999,94,Bank Offer,Free,Classic Black Strap,1.743
Boult,1399,4499,68,Hot Deal,Free Size,Black Strap,1.95
Noise,1749,6999,75,Bank Offer,Regular,Pink Strap,1.96
boAt,2499,6499,61,Bank Offer,Free Size,Blue Strap,1.743
Olivepranc,2198,9999,78,Daily Saver,L,Rose Pink,1.743
Melbon,1700,5000,66,Bank Offer,One Size,Gold Strap,1.743
OMNIKART,649,2499,74,Bank Offer,Free Size,Black Strap,1.743
Boult,2499,6999,64,Hot Deal,Free Size,Silver Strap,1.43
Boult,1499,8499,82,Bank Offer,Free Size,Denim Blue Strap,1.85
Ykarn,490,1499,67,Bank Offer,Free,Black Strap,1.743
beatXP,2299,7999,71,Bank Offer,Free Size,Electric Black Strap,1.96
Boult,1399,4499,68,Hot Deal,Free Size,Yellow Strap,1.95
Boult,2299,9999,77,Bank Offer,Free Size,Blue Strap,1.78
APEX,841,1399,39,Bank Offer,Regular,Black Strap,1.743
VINJURI,794,5899,86,Bank Offer,Free Size,Orange Strap,1.743
Lookar,780,3999,80,Bank Offer,For All,Orange Strap,1.743
Melbon,1500,4999,69,Bank Offer,Free,Aqua Blue Strap,1.743
Noise,1999,7999,75,Bank Offer,Regular,Black Strap,1.91
Noise,1749,6999,75,Bank Offer,Regular,Deep Wine Strap,1.96
JANROCK,899,2499,64,Hot Deal,Free Size,Orange Strap,1.743
Pebble,1999,5999,66,Bank Offer,Free Size,Black Strap,1.39
Noise,1799,4999,64,Save extra with combo offers,Regular,Black Strap,1.38
Noise,1699,6999,75,Bank Offer,Regular,Black Strap,1.96
NIKHILX,799,2499,68,Bank Offer,For All,Orange Alpine Strap,1.743
FITRIC,698,2999,76,Bank Offer,One Size,Black Strap,1.743
NAS,742,3999,81,Bank Offer,Free,Orange Strap,1.743
HLMT,399,999,60,Bank Offer,M,Orange Strap,1.743
Boult,2499,6999,64,Hot Deal,Free Size,Jet Black Strap,1.43
Boult,1499,8499,82,Bank Offer,Free Size,Snow Leather Strap,1.85
Pebble,2299,6499,64,Bank Offer,Free Size,Blue Strap,1.39
Fire-Boltt,1999,15999,87,Bank Offer,Free Size,Active Black Strap,1.43
Noise,1799,4999,64,Bank Offer,Regular,Green Strap,1.38
Boult,2299,9999,77,Bank Offer,Free Size,Black Strap,1.78
Ucool,799,7999,90,Bank Offer,Regular,Black Strap,1.96
TECHMAZE,799,1999,60,Bank Offer,Free,Black Strap,1.743
TECHOFFICIAL,349,899,61,Bank Offer,Free,Black Strap,1.743
ULTRON,1999,6999,71,Bank Offer,Free,Purple Strap,1.743
TXOR,1999,4999,60,Bank Offer,Free Size,Black Strap,1.78
Ambrane,1499,5299,71,Daily Saver,Regular,Green Strap,1.85
Like,899,4999,82,Bank Offer,L,Orange Strap,1.743
Techfly,918,5999,84,Bank Offer,Free,Black Strap,1.743
Boult,1399,4499,68,Hot Deal,Free Size,Black Strap,1.95
Noise,1749,6999,75,Bank Offer,Regular,Pink Strap,1.96
OMNIKART,725,7999,90,Bank Offer,All,Orange Strap,1.743
SmartOne,785,15664,94,Bank Offer,Free,Orange Alpine Strap,1.743
Ephemeral,920,5999,84,Bank Offer,Free,Orange Strap,1.9
Pebble,1999,5999,66,Bank Offer,Free Size,Black Strap,1.39
Boult,2499,6999,64,Hot Deal,Free Size,Silver Strap,1.43
Boult,1499,8499,82,Bank Offer,Free Size,Denim Blue Strap,1.85
gotten,755,14999,94,Daily Saver,Free Size,Orange Strap,1.743
sanwaria,950,4999,80,Bank Offer,Free,Black Strap,1.9
Noise,1999,7999,75,Bank Offer,Regular,Black Strap,1.91
Boult,1399,4499,68,Hot Deal,Free Size,Yellow Strap,1.95
Gamesir,1500,4999,69,Hot Deal, 1.9 Inch Big Sunlight Proof Display,Gold Strap,1.743
LuxuryKase,1619,3999,59,Bank Offer,Free Size,Black Strap,1.743
VINJURI,759,5999,87,Bank Offer,Free Size,Orange Strap,1.743
PunnkFunnk,699,2999,76,Bank Offer,Free Size,Black Strap,1.743
Boult,2299,9999,77,Bank Offer,Free Size,Blue Strap,1.78
Noise,1749,6999,75,Bank Offer,Regular,Deep Wine Strap,1.96
beatXP,1499,5499,72,Bank Offer,Free Size,Persian Blue Strap,1.38
Melbon,1000,1999,49,Bank Offer,M,Orange Strap,1.743
Noise,1799,4999,64,Save extra with combo offers,Regular,Black Strap,1.38
Noise,1699,6999,75,Bank Offer,Regular,Black Strap,1.96
Pebble,2299,6499,64,Bank Offer,Free Size,Grey Strap,1.39
Olivepranc,2198,9999,78,Daily Saver,L,Rose Pink,1.743
WELLSYS,29999,59999,50,Bank Offer,Free Size,Orange Strap,1.743
NIKHILX,799,3499,77,Bank Offer,Free,Classic Black Strap,1.743
Boult,2499,6999,64,Hot Deal,Free Size,Jet Black Strap,1.43
Boult,1499,8499,82,Bank Offer,Free Size,Snow Leather Strap,1.85
WELLSYS,6999,12999,46,Bank Offer,Free Size,Orange Alpine Strap,1.743
Pebble,1999,5999,66,Bank Offer,Free Size,Orange Strap,1.39
Noise,1799,4999,64,Bank Offer,Regular,Green Strap,1.38
Boult,2299,9999,77,Bank Offer,Free Size,Black Strap,1.78
Bonafide,1169,6999,83,Bank Offer,Free Size,Black Strap,2.19
Sekyo,2198,3999,45,Bank Offer,Regular,Blue Strap,1.743
Wings,1999,3999,50,Bank Offer,One Size,Tan Strap,2.01
ASAAN,759,9999,92,Bank Offer,Free Size,Orange Strap,1.743
TXOR,1999,4999,60,Bank Offer,Free Size,Black Strap,1.78
Noise,1999,7999,75,Bank Offer,Regular,Metallic Black Strap,1.91
VINJURI,849,5999,85,Bank Offer,For All,Orange Strap,1.743
SmartOne,819,14999,94,Bank Offer,Free,Classic Black Strap,1.743
Boult,1399,4499,68,Hot Deal,Free Size,Black Strap,1.95
Noise,1749,6999,75,Bank Offer,Regular,Pink Strap,1.96
boAt,2499,6499,61,Bank Offer,Free Size,Blue Strap,1.743
Olivepranc,2198,9999,78,Daily Saver,L,Rose Pink,1.743
Melbon,1700,5000,66,Bank Offer,One Size,Gold Strap,1.743
OMNIKART,649,2499,74,Bank Offer,Free Size,Black Strap,1.743
Boult,2499,6999,64,Hot Deal,Free Size,Silver Strap,1.43
Boult,1499,8499,82,Bank Offer,Free Size,Denim Blue Strap,1.85
Ykarn,490,1499,67,Bank Offer,Free,Black Strap,1.743
beatXP,2299,7999,71,Bank Offer,Free Size,Electric Black Strap,1.96
Boult,1399,4499,68,Hot Deal,Free Size,Yellow Strap,1.95
Boult,2299,9999,77,Bank Offer,Free Size,Blue Strap,1.78
APEX,841,1399,39,Bank Offer,Regular,Black Strap,1.743
VINJURI,794,5899,86,Bank Offer,Free Size,Orange Strap,1.743
Lookar,780,3999,80,Bank Offer,For All,Orange Strap,1.743
Melbon,1500,4999,69,Bank Offer,Free,Aqua Blue Strap,1.743
Noise,1999,7999,75,Bank Offer,Regular,Black Strap,1.91
Noise,1749,6999,75,Bank Offer,Regular,Deep Wine Strap,1.96
JANROCK,899,2499,64,Hot Deal,Free Size,Orange Strap,1.743
Pebble,1999,5999,66,Bank Offer,Free Size,Black Strap,1.39
Noise,1799,4999,64,Save extra with combo offers,Regular,Black Strap,1.38
Noise,1699,6999,75,Bank Offer,Regular,Black Strap,1.96
NIKHILX,799,2499,68,Bank Offer,For All,Orange Alpine Strap,1.743
FITRIC,698,2999,76,Bank Offer,One Size,Black Strap,1.743
NAS,742,3999,81,Bank Offer,Free,Orange Strap,1.743
HLMT,399,999,60,Bank Offer,M,Orange Strap,1.743
Boult,2499,6999,64,Hot Deal,Free Size,Jet Black Strap,1.43
Boult,1499,8499,82,Bank Offer,Free Size,Snow Leather Strap,1.85
Pebble,2299,6499,64,Bank Offer,Free Size,Blue Strap,1.39
Fire-Boltt,1999,15999,87,Bank Offer,Free Size,Active Black Strap,1.43
Noise,1799,4999,64,Bank Offer,Regular,Green Strap,1.38
Boult,2299,9999,77,Bank Offer,Free Size,Black Strap,1.78
Ucool,799,7999,90,Bank Offer,Regular,Black Strap,1.96
TECHMAZE,799,1999,60,Bank Offer,Free,Black Strap,1.743
TECHOFFICIAL,349,899,61,Bank Offer,Free,Black Strap,1.743
ULTRON,1999,6999,71,Bank Offer,Free,Purple Strap,1.743
TXOR,1999,4999,60,Bank Offer,Free Size,Black Strap,1.78
Ambrane,1499,5299,71,Daily Saver,Regular,Green Strap,1.85
Like,899,4999,82,Bank Offer,L,Orange Strap,1.743
Techfly,918,5999,84,Bank Offer,Free,Black Strap,1.743
Boult,1399,4499,68,Hot Deal,Free Size,Black Strap,1.95
Noise,1749,6999,75,Bank Offer,Regular,Pink Strap,1.96
OMNIKART,725,7999,90,Bank Offer,All,Orange Strap,1.743
SmartOne,785,15664,94,Bank Offer,Free,Orange Alpine Strap,1.743
Ephemeral,920,5999,84,Bank Offer,Free,Orange Strap,1.9
Pebble,1999,5999,66,Bank Offer,Free Size,Black Strap,1.39
Boult,1499,8499,82,Bank Offer,Free Size,Denim Blue Strap,1.85
Boult,2499,6999,64,Hot Deal,Free Size,Silver Strap,1.43
gotten,755,14999,94,Daily Saver,Free Size,Orange Strap,1.743
sanwaria,950,4999,80,Bank Offer,Free,Black Strap,1.9
Boult,1399,4499,68,Hot Deal,Free Size,Yellow Strap,1.95
Boult,2299,9999,77,Bank Offer,Free Size,Blue Strap,1.78
Gamesir,1500,4999,69,Hot Deal, 1.9 Inch Big Sunlight Proof Display,Gold Strap,1.743
LuxuryKase,1619,3999,59,Bank Offer,Free Size,Black Strap,1.743
VINJURI,759,5999,87,Bank Offer,Free Size,Orange Strap,1.743
PunnkFunnk,699,2999,76,Bank Offer,Free Size,Black Strap,1.743
Noise,1999,7999,75,Bank Offer,Regular,Black Strap,1.91
Noise,1799,4999,64,Save extra with combo offers,Regular,Black Strap,1.38
beatXP,1499,5499,72,Bank Offer,Free Size,Persian Blue Strap,1.38
Melbon,1000,1999,49,Bank Offer,M,Orange Strap,1.743
Noise,1749,6999,75,Bank Offer,Regular,Deep Wine Strap,1.96
Noise,1699,6999,75,Bank Offer,Regular,Black Strap,1.96
Pebble,2299,6499,64,Bank Offer,Free Size,Grey Strap,1.39
Olivepranc,2198,9999,78,Daily Saver,L,Rose Pink,1.743
WELLSYS,29999,59999,50,Bank Offer,Free Size,Orange Strap,1.743
NIKHILX,799,3499,77,Bank Offer,Free,Classic Black Strap,1.743
Boult,2499,6999,64,Hot Deal,Free Size,Jet Black Strap,1.43
Boult,1499,8499,82,Bank Offer,Free Size,Snow Leather Strap,1.85
WELLSYS,6999,12999,46,Bank Offer,Free Size,Orange Alpine Strap,1.743
Pebble,1999,5999,66,Bank Offer,Free Size,Orange Strap,1.39
TXOR,1999,4999,60,Bank Offer,Free Size,Black Strap,1.78
Boult,2299,9999,77,Bank Offer,Free Size,Black Strap,1.78
Bonafide,1169,6999,83,Bank Offer,Free Size,Black Strap,2.19
Sekyo,2198,3999,45,Bank Offer,Regular,Blue Strap,1.743
Wings,1999,3999,50,Bank Offer,One Size,Tan Strap,2.01
ASAAN,759,9999,92,Bank Offer,Free Size,Orange Strap,1.743
Ambrane,1499,5299,71,Daily Saver,Regular,Green Strap,1.85
Boult,2499,5999,58,Bank Offer,Free Size,Midnight Marine Strap,1.52
VINJURI,849,5999,85,Bank Offer,For All,Orange Strap,1.743
SmartOne,819,14999,94,Bank Offer,Free,Classic Black Strap,1.743
Boult,1399,4499,68,Hot Deal,Free Size,Black Strap,1.95
Noise,1749,6999,75,Bank Offer,Regular,Pink Strap,1.96
boAt,2499,6499,61,Bank Offer,Free Size,Blue Strap,1.743
Olivepranc,2198,9999,78,Daily Saver,L,Rose Pink,1.743
Melbon,1700,5000,66,Bank Offer,One Size,Gold Strap,1.743
OMNIKART,649,2499,74,Bank Offer,Free Size,Black Strap,1.743
Boult,2499,6999,64,Hot Deal,Free Size,Silver Strap,1.43
Boult,1499,8499,82,Bank Offer,Free Size,Denim Blue Strap,1.85
Ykarn,490,1499,67,Bank Offer,Free,Black Strap,1.743
beatXP,2299,7999,71,Bank Offer,Free Size,Electric Black Strap,1.96
Noise,1999,7999,75,Bank Offer,Regular,Black Strap,1.91
Boult,1399,4499,68,Hot Deal,Free Size,Yellow Strap,1.95
APEX,841,1399,39,Bank Offer,Regular,Black Strap,1.743
VINJURI,794,5899,86,Bank Offer,Free Size,Orange Strap,1.743
Lookar,780,3999,80,Bank Offer,For All,Orange Strap,1.743
Melbon,1500,4999,69,Bank Offer,Free,Aqua Blue Strap,1.743
Boult,2299,9999,77,Bank Offer,Free Size,Blue Strap,1.78
Noise,1799,4999,64,Save extra with combo offers,Regular,Black Strap,1.38
JANROCK,899,2499,64,Hot Deal,Free Size,Orange Strap,1.743
Pebble,1999,5999,66,Bank Offer,Free Size,Black Strap,1.39
Noise,1749,6999,75,Bank Offer,Regular,Deep Wine Strap,1.96
Noise,1699,6999,75,Bank Offer,Regular,Black Strap,1.96
NIKHILX,799,2499,68,Bank Offer,For All,Orange Alpine Strap,1.743
FITRIC,698,2999,76,Bank Offer,One Size,Black Strap,1.743
NAS,742,3999,81,Bank Offer,Free,Orange Strap,1.743
HLMT,399,999,60,Bank Offer,M,Orange Strap,1.743
Boult,2499,6999,64,Hot Deal,Free Size,Jet Black Strap,1.43
Boult,1499,8499,82,Bank Offer,Free Size,Snow Leather Strap,1.85
Pebble,2299,6499,64,Bank Offer,Free Size,Blue Strap,1.39
Fire-Boltt,1999,15999,87,Bank Offer,Free Size,Active Black Strap,1.43
Noise,1799,4999,64,Bank Offer,Regular,Green Strap,1.38
Boult,2299,9999,77,Bank Offer,Free Size,Black Strap,1.78
Ucool,799,7999,90,Bank Offer,Regular,Black Strap,1.96
TECHMAZE,799,1999,60,Bank Offer,Free,Black Strap,1.743
TECHOFFICIAL,349,899,61,Bank Offer,Free,Black Strap,1.743
ULTRON,1999,6999,71,Bank Offer,Free,Purple Strap,1.743
TXOR,1999,4999,60,Bank Offer,Free Size,Black Strap,1.78
Noise,1999,7999,75,Bank Offer,Regular,Metallic Black Strap,1.91
Like,899,4999,82,Bank Offer,L,Orange Strap,1.743
Techfly,918,5999,84,Bank Offer,Free,Black Strap,1.743
Boult,1399,4499,68,Hot Deal,Free Size,Black Strap,1.95
Noise,1749,6999,75,Bank Offer,Regular,Pink Strap,1.96
OMNIKART,725,7999,90,Bank Offer,All,Orange Strap,1.743
SmartOne,785,15664,94,Bank Offer,Free,Orange Alpine Strap,1.743
Ephemeral,920,5999,84,Bank Offer,Free,Orange Strap,1.9
Pebble,1999,5999,66,Bank Offer,Free Size,Black Strap,1.39
Boult,2499,6999,64,Hot Deal,Free Size,Silver Strap,1.43
Boult,1499,8499,82,Bank Offer,Free Size,Denim Blue Strap,1.85
gotten,755,14999,94,Daily Saver,Free Size,Orange Strap,1.743
sanwaria,950,4999,80,Bank Offer,Free,Black Strap,1.9
Boult,1399,4499,68,Hot Deal,Free Size,Yellow Strap,1.95
Boult,2299,9999,77,Bank Offer,Free Size,Blue Strap,1.78
Gamesir,1500,4999,69,Hot Deal, 1.9 Inch Big Sunlight Proof Display,Gold Strap,1.743
LuxuryKase,1619,3999,59,Bank Offer,Free Size,Black Strap,1.743
VINJURI,759,5999,87,Bank Offer,Free Size,Orange Strap,1.743
PunnkFunnk,699,2999,76,Bank Offer,Free Size,Black Strap,1.743
Noise,1999,7999,75,Bank Offer,Regular,Black Strap,1.91
Noise,1749,6999,75,Bank Offer,Regular,Deep Wine Strap,1.96
beatXP,1499,5499,72,Bank Offer,Free Size,Persian Blue Strap,1.38
Melbon,1000,1999,49,Bank Offer,M,Orange Strap,1.743
Noise,1799,4999,64,Save extra with combo offers,Regular,Black Strap,1.38
Noise,1699,6999,75,Bank Offer,Regular,Black Strap,1.96
Pebble,2299,6499,64,Bank Offer,Free Size,Grey Strap,1.39
Olivepranc,2198,9999,78,Daily Saver,L,Rose Pink,1.743
WELLSYS,29999,59999,50,Bank Offer,Free Size,Orange Strap,1.743
NIKHILX,799,3499,77,Bank Offer,Free,Classic Black Strap,1.743
Boult,2499,6999,64,Hot Deal,Free Size,Jet Black Strap,1.43
Boult,1499,8499,82,Bank Offer,Free Size,Snow Leather Strap,1.85
WELLSYS,6999,12999,46,Bank Offer,Free Size,Orange Alpine Strap,1.743
Pebble,1999,5999,66,Bank Offer,Free Size,Orange Strap,1.39
Noise,1799,4999,64,Bank Offer,Regular,Green Strap,1.38
Boult,2299,9999,77,Bank Offer,Free Size,Black Strap,1.78
Bonafide,1169,6999,83,Bank Offer,Free Size,Black Strap,2.19
Sekyo,2198,3999,45,Bank Offer,Regular,Blue Strap,1.743
Wings,1999,3999,50,Bank Offer,One Size,Tan Strap,2.01
ASAAN,759,9999,92,Bank Offer,Free Size,Orange Strap,1.743
TXOR,1999,4999,60,Bank Offer,Free Size,Black Strap,1.78
Ambrane,1499,5299,71,Daily Saver,Regular,Green Strap,1.85
VINJURI,849,5999,85,Bank Offer,For All,Orange Strap,1.743
SmartOne,819,14999,94,Bank Offer,Free,Classic Black Strap,1.743
Boult,1399,4499,68,Hot Deal,Free Size,Black Strap,1.95
Noise,1749,6999,75,Bank Offer,Regular,Pink Strap,1.96
boAt,2499,6499,61,Bank Offer,Free Size,Blue Strap,1.743
Olivepranc,2198,9999,78,Daily Saver,L,Rose Pink,1.743
Melbon,1700,5000,66,Bank Offer,One Size,Gold Strap,1.743
OMNIKART,649,2499,74,Bank Offer,Free Size,Black Strap,1.743
Boult,2499,6999,64,Hot Deal,Free Size,Silver Strap,1.43
Boult,1499,8499,82,Bank Offer,Free Size,Denim Blue Strap,1.85
Ykarn,490,1499,67,Bank Offer,Free,Black Strap,1.743
beatXP,2299,7999,71,Bank Offer,Free Size,Electric Black Strap,1.96
Boult,1399,4499,68,Hot Deal,Free Size,Yellow Strap,1.95
Boult,2299,9999,77,Bank Offer,Free Size,Blue Strap,1.78
APEX,841,1399,39,Bank Offer,Regular,Black Strap,1.743
VINJURI,794,5899,86,Bank Offer,Free Size,Orange Strap,1.743
Lookar,780,3999,80,Bank Offer,For All,Orange Strap,1.743
Melbon,1500,4999,69,Bank Offer,Free,Aqua Blue Strap,1.743
Noise,1999,7999,75,Bank Offer,Regular,Black Strap,1.91
Noise,1749,6999,75,Bank Offer,Regular,Deep Wine Strap,1.96
JANROCK,899,2499,64,Hot Deal,Free Size,Orange Strap,1.743
Pebble,1999,5999,66,Bank Offer,Free Size,Black Strap,1.39
Noise,1699,6999,75,Bank Offer,Regular,Black Strap,1.96
Boult,2499,6999,64,Hot Deal,Free Size,Jet Black Strap,1.43
NIKHILX,799,2499,68,Bank Offer,For All,Orange Alpine Strap,1.743
FITRIC,698,2999,76,Bank Offer,One Size,Black Strap,1.743
NAS,742,3999,81,Bank Offer,Free,Orange Strap,1.743
HLMT,399,999,60,Bank Offer,M,Orange Strap,1.743
Boult,1499,8499,82,Bank Offer,Free Size,Snow Leather Strap,1.85
Boult,2299,9999,77,Bank Offer,Free Size,Black Strap,1.78
Pebble,2299,6499,64,Bank Offer,Free Size,Blue Strap,1.39
Fire-Boltt,1999,15999,87,Bank Offer,Free Size,Active Black Strap,1.43
TXOR,1999,4999,60,Bank Offer,Free Size,Black Strap,1.78
Ambrane,1499,5299,71,Daily Saver,Regular,Green Strap,1.85
Ucool,799,7999,90,Bank Offer,Regular,Black Strap,1.96
TECHMAZE,799,1999,60,Bank Offer,Free,Black Strap,1.743
TECHOFFICIAL,349,899,61,Bank Offer,Free,Black Strap,1.743
ULTRON,1999,6999,71,Bank Offer,Free,Purple Strap,1.743
Boult,2499,5999,58,Bank Offer,Free Size,Midnight Marine Strap,1.52
Noise,1729,6999,75,Bank Offer,Regular,Blue Strap,1.96
Like,899,4999,82,Bank Offer,L,Orange Strap,1.743
Techfly,918,5999,84,Bank Offer,Free,Black Strap,1.743
Boult,1399,4499,68,Hot Deal,Free Size,Black Strap,1.95
Noise,1749,6999,75,Bank Offer,Regular,Pink Strap,1.96
boAt,2499,6499,61,Bank Offer,Free Size,Blue Strap,1.743
Olivepranc,2198,9999,78,Daily Saver,L,Rose Pink,1.743
Melbon,1700,5000,66,Bank Offer,One Size,Gold Strap,1.743
OMNIKART,649,2499,74,Bank Offer,Free Size,Black Strap,1.743
Boult,2499,6999,64,Hot Deal,Free Size,Silver Strap,1.43
Boult,1499,8499,82,Bank Offer,Free Size,Denim Blue Strap,1.85
Ykarn,490,1499,67,Bank Offer,Free,Black Strap,1.743
beatXP,2299,7999,71,Bank Offer,Free Size,Electric Black Strap,1.96
Noise,1999,7999,75,Bank Offer,Regular,Black Strap,1.91
Boult,1399,4499,68,Hot Deal,Free Size,Yellow Strap,1.95
APEX,841,1399,39,Bank Offer,Regular,Black Strap,1.743
VINJURI,794,5899,86,Bank Offer,Free Size,Orange Strap,1.743
Lookar,780,3999,80,Bank Offer,For All,Orange Strap,1.743
Melbon,1500,4999,69,Bank Offer,Free,Aqua Blue Strap,1.743
Boult,2299,9999,77,Bank Offer,Free Size,Blue Strap,1.78
Noise,1799,4999,64,Save extra with combo offers,Regular,Black Strap,1.38
JANROCK,899,2499,64,Hot Deal,Free Size,Orange Strap,1.743
Pebble,1999,5999,66,Bank Offer,Free Size,Black Strap,1.39
Noise,1749,6999,75,Bank Offer,Regular,Deep Wine Strap,1.96
Noise,1699,6999,75,Bank Offer,Regular,Black Strap,1.96
NIKHILX,799,2499,68,Bank Offer,For All,Orange Alpine Strap,1.743
FITRIC,698,2999,76,Bank Offer,One Size,Black Strap,1.743
NAS,742,3999,81,Bank Offer,Free,Orange Strap,1.743
HLMT,399,999,60,Bank Offer,M,Orange Strap,1.743
Boult,2499,6999,64,Hot Deal,Free Size,Jet Black Strap,1.43
Boult,1499,8499,82,Bank Offer,Free Size,Snow Leather Strap,1.85
Pebble,2299,6499,64,Bank Offer,Free Size,Blue Strap,1.39
Fire-Boltt,1999,15999,87,Bank Offer,Free Size,Active Black Strap,1.43
Noise,1799,4999,64,Bank Offer,Regular,Green Strap,1.38
Boult,2299,9999,77,Bank Offer,Free Size,Black Strap,1.78
Ucool,799,7999,90,Bank Offer,Regular,Black Strap,1.96
TECHMAZE,799,1999,60,Bank Offer,Free,Black Strap,1.743
TECHOFFICIAL,349,899,61,Bank Offer,Free,Black Strap,1.743
ULTRON,1999,6999,71,Bank Offer,Free,Purple Strap,1.743
TXOR,1999,4999,60,Bank Offer,Free Size,Black Strap,1.78
Noise,1999,7999,75,Bank Offer,Regular,Metallic Black Strap,1.91
Like,899,4999,82,Bank Offer,L,Orange Strap,1.743
Techfly,918,5999,84,Bank Offer,Free,Black Strap,1.743
Boult,1399,4499,68,Hot Deal,Free Size,Black Strap,1.95
Noise,1749,6999,75,Bank Offer,Regular,Pink Strap,1.96
OMNIKART,725,7999,90,Bank Offer,All,Orange Strap,1.743
SmartOne,785,15664,94,Bank Offer,Free,Orange Alpine Strap,1.743
Ephemeral,920,5999,84,Bank Offer,Free,Orange Strap,1.9
Pebble,1999,5999,66,Bank Offer,Free Size,Black Strap,1.39
Boult,1499,8499,82,Bank Offer,Free Size,Denim Blue Strap,1.85
Boult,2499,6999,64,Hot Deal,Free Size,Silver Strap,1.43
gotten,755,14999,94,Daily Saver,Free Size,Orange Strap,1.743
sanwaria,950,4999,80,Bank Offer,Free,Black Strap,1.9
Noise,1999,7999,75,Bank Offer,Regular,Black Strap,1.91
Boult,1399,4499,68,Hot Deal,Free Size,Yellow Strap,1.95
Gamesir,1500,4999,69,Hot Deal, 1.9 Inch Big Sunlight Proof Display,Gold Strap,1.743
LuxuryKase,1619,3999,59,Bank Offer,Free Size,Black Strap,1.743
VINJURI,759,5999,87,Bank Offer,Free Size,Orange Strap,1.743
PunnkFunnk,699,2999,76,Bank Offer,Free Size,Black Strap,1.743
Boult,2299,9999,77,Bank Offer,Free Size,Blue Strap,1.78
Noise,1799,4999,64,Save extra with combo offers,Regular,Black Strap,1.38
beatXP,1499,5499,72,Bank Offer,Free Size,Persian Blue Strap,1.38
Melbon,1000,1999,49,Bank Offer,M,Orange Strap,1.743
Noise,1749,6999,75,Bank Offer,Regular,Deep Wine Strap,1.96
Noise,1699,6999,75,Bank Offer,Regular,Black Strap,1.96
Pebble,2299,6499,64,Bank Offer,Free Size,Grey Strap,1.39
Olivepranc,2198,9999,78,Daily Saver,L,Rose Pink,1.743
WELLSYS,29999,59999,50,Bank Offer,Free Size,Orange Strap,1.743
NIKHILX,799,3499,77,Bank Offer,Free,Classic Black Strap,1.743
Boult,2499,6999,64,Hot Deal,Free Size,Jet Black Strap,1.43
Boult,1499,8499,82,Bank Offer,Free Size,Snow Leather Strap,1.85
WELLSYS,6999,12999,46,Bank Offer,Free Size,Orange Alpine Strap,1.743
Pebble,1999,5999,66,Bank Offer,Free Size,Orange Strap,1.39
TXOR,1999,4999,60,Bank Offer,Free Size,Black Strap,1.78
Noise,1799,4999,64,Bank Offer,Regular,Green Strap,1.38
Bonafide,1169,6999,83,Bank Offer,Free Size,Black Strap,2.19
Sekyo,2198,3999,45,Bank Offer,Regular,Blue Strap,1.743
Wings,1999,3999,50,Bank Offer,One Size,Tan Strap,2.01
ASAAN,759,9999,92,Bank Offer,Free Size,Orange Strap,1.743
Boult,2299,9999,77,Bank Offer,Free Size,Black Strap,1.78
Ambrane,1499,5299,71,Daily Saver,Regular,Green Strap,1.85
VINJURI,849,5999,85,Bank Offer,For All,Orange Strap,1.743
SmartOne,819,14999,94,Bank Offer,Free,Classic Black Strap,1.743
Boult,1399,4499,68,Hot Deal,Free Size,Black Strap,1.95
Noise,1749,6999,75,Bank Offer,Regular,Pink Strap,1.96
boAt,2499,6499,61,Bank Offer,Free Size,Blue Strap,1.743
Olivepranc,2198,9999,78,Daily Saver,L,Rose Pink,1.743
Melbon,1700,5000,66,Bank Offer,One Size,Gold Strap,1.743
OMNIKART,649,2499,74,Bank Offer,Free Size,Black Strap,1.743
Boult,2499,6999,64,Hot Deal,Free Size,Silver Strap,1.43
Boult,1499,8499,82,Bank Offer,Free Size,Denim Blue Strap,1.85
Ykarn,490,1499,67,Bank Offer,Free,Black Strap,1.743
beatXP,2299,7999,71,Bank Offer,Free Size,Electric Black Strap,1.96
Noise,1999,7999,75,Bank Offer,Regular,Black Strap,1.91
Boult,1399,4499,68,Hot Deal,Free Size,Yellow Strap,1.95
APEX,841,1399,39,Bank Offer,Regular,Black Strap,1.743
VINJURI,794,5899,86,Bank Offer,Free Size,Orange Strap,1.743
Lookar,780,3999,80,Bank Offer,For All,Orange Strap,1.743
Melbon,1500,4999,69,Bank Offer,Free,Aqua Blue Strap,1.743
Boult,2299,9999,77,Bank Offer,Free Size,Blue Strap,1.78
Noise,1749,6999,75,Bank Offer,Regular,Deep Wine Strap,1.96
JANROCK,899,2499,64,Hot Deal,Free Size,Orange Strap,1.743
Pebble,1999,5999,66,Bank Offer,Free Size,Black Strap,1.39
Noise,1799,4999,64,Save extra with combo offers,Regular,Black Strap,1.38
Noise,1699,6999,75,Bank Offer,Regular,Black Strap,1.96
NIKHILX,799,2499,68,Bank Offer,For All,Orange Alpine Strap,1.743
FITRIC,698,2999,76,Bank Offer,One Size,Black Strap,1.743
NAS,742,3999,81,Bank Offer,Free,Orange Strap,1.743
HLMT,399,999,60,Bank Offer,M,Orange Strap,1.743
Boult,2499,6999,64,Hot Deal,Free Size,Jet Black Strap,1.43
Boult,1499,8499,82,Bank Offer,Free Size,Snow Leather Strap,1.85
Pebble,2299,6499,64,Bank Offer,Free Size,Blue Strap,1.39
Fire-Boltt,1999,15999,87,Bank Offer,Free Size,Active Black Strap,1.43
Noise,1799,4999,64,Bank Offer,Regular,Green Strap,1.38
Boult,2299,9999,77,Bank Offer,Free Size,Black Strap,1.78
Ucool,799,7999,90,Bank Offer,Regular,Black Strap,1.96
TECHMAZE,799,1999,60,Bank Offer,Free,Black Strap,1.743
TECHOFFICIAL,349,899,61,Bank Offer,Free,Black Strap,1.743
ULTRON,1999,6999,71,Bank Offer,Free,Purple Strap,1.743
TXOR,1999,4999,60,Bank Offer,Free Size,Black Strap,1.78
Noise,1999,7999,75,Bank Offer,Regular,Metallic Black Strap,1.91
Like,899,4999,82,Bank Offer,L,Orange Strap,1.743
Techfly,918,5999,84,Bank Offer,Free,Black Strap,1.743
Boult,1399,4499,68,Hot Deal,Free Size,Black Strap,1.95
Noise,1749,6999,75,Bank Offer,Regular,Pink Strap,1.96
OMNIKART,725,7999,90,Bank Offer,All,Orange Strap,1.743
SmartOne,785,15664,94,Bank Offer,Free,Orange Alpine Strap,1.743
Ephemeral,920,5999,84,Bank Offer,Free,Orange Strap,1.9
Pebble,1999,5999,66,Bank Offer,Free Size,Black Strap,1.39
Boult,1499,8499,82,Bank Offer,Free Size,Denim Blue Strap,1.85
Boult,2499,6999,64,Hot Deal,Free Size,Silver Strap,1.43
gotten,755,14999,94,Daily Saver,Free Size,Orange Strap,1.743
sanwaria,950,4999,80,Bank Offer,Free,Black Strap,1.9
Noise,1999,7999,75,Bank Offer,Regular,Black Strap,1.91
Boult,1399,4499,68,Hot Deal,Free Size,Yellow Strap,1.95
Gamesir,1500,4999,69,Hot Deal, 1.9 Inch Big Sunlight Proof Display,Gold Strap,1.743
LuxuryKase,1619,3999,59,Bank Offer,Free Size,Black Strap,1.743
VINJURI,759,5999,87,Bank Offer,Free Size,Orange Strap,1.743
PunnkFunnk,699,2999,76,Bank Offer,Free Size,Black Strap,1.743
Boult,2299,9999,77,Bank Offer,Free Size,Blue Strap,1.78
Noise,1799,4999,64,Save extra with combo offers,Regular,Black Strap,1.38
beatXP,1499,5499,72,Bank Offer,Free Size,Persian Blue Strap,1.38
Melbon,1000,1999,49,Bank Offer,M,Orange Strap,1.743
Noise,1749,6999,75,Bank Offer,Regular,Deep Wine Strap,1.96
Noise,1699,6999,75,Bank Offer,Regular,Black Strap,1.96
Pebble,2299,6499,64,Bank Offer,Free Size,Grey Strap,1.39
Olivepranc,2198,9999,78,Daily Saver,L,Rose Pink,1.743
WELLSYS,29999,59999,50,Bank Offer,Free Size,Orange Strap,1.743
NIKHILX,799,3499,77,Bank Offer,Free,Classic Black Strap,1.743
Boult,2499,6999,64,Hot Deal,Free Size,Jet Black Strap,1.43
Boult,1499,8499,82,Bank Offer,Free Size,Snow Leather Strap,1.85
WELLSYS,6999,12999,46,Bank Offer,Free Size,Orange Alpine Strap,1.743
Pebble,1999,5999,66,Bank Offer,Free Size,Orange Strap,1.39
TXOR,1999,4999,60,Bank Offer,Free Size,Black Strap,1.78
Noise,1799,4999,64,Bank Offer,Regular,Green Strap,1.38
Bonafide,1169,6999,83,Bank Offer,Free Size,Black Strap,2.19
Sekyo,2198,3999,45,Bank Offer,Regular,Blue Strap,1.743
Wings,1999,3999,50,Bank Offer,One Size,Tan Strap,2.01
ASAAN,759,9999,92,Bank Offer,Free Size,Orange Strap,1.743
Boult,2299,9999,77,Bank Offer,Free Size,Black Strap,1.78
Ambrane,1499,5299,71,Daily Saver,Regular,Green Strap,1.85
VINJURI,849,5999,85,Bank Offer,For All,Orange Strap,1.743
SmartOne,819,14999,94,Bank Offer,Free,Classic Black Strap,1.743
Boult,1399,4499,68,Hot Deal,Free Size,Black Strap,1.95
Noise,1749,6999,75,Bank Offer,Regular,Pink Strap,1.96
OMNIKART,725,7999,90,Bank Offer,All,Orange Strap,1.743
SmartOne,785,15664,94,Bank Offer,Free,Orange Alpine Strap,1.743
Ephemeral,920,5999,84,Bank Offer,Free,Orange Strap,1.9
Pebble,1999,5999,66,Bank Offer,Free Size,Black Strap,1.39
Boult,1499,8499,82,Bank Offer,Free Size,Denim Blue Strap,1.85
Boult,2499,6999,64,Hot Deal,Free Size,Silver Strap,1.43
gotten,755,14999,94,Daily Saver,Free Size,Orange Strap,1.743
sanwaria,950,4999,80,Bank Offer,Free,Black Strap,1.9
Noise,1999,7999,75,Bank Offer,Regular,Black Strap,1.91
Boult,1399,4499,68,Hot Deal,Free Size,Yellow Strap,1.95
Gamesir,1500,4999,69,Hot Deal, 1.9 Inch Big Sunlight Proof Display,Gold Strap,1.743
LuxuryKase,1619,3999,59,Bank Offer,Free Size,Black Strap,1.743
VINJURI,759,5999,87,Bank Offer,Free Size,Orange Strap,1.743
PunnkFunnk,699,2999,76,Bank Offer,Free Size,Black Strap,1.743
Boult,2299,9999,77,Bank Offer,Free Size,Blue Strap,1.78
Noise,1799,4999,64,Save extra with combo offers,Regular,Black Strap,1.38
beatXP,1499,5499,72,Bank Offer,Free Size,Persian Blue Strap,1.38
Melbon,1000,1999,49,Bank Offer,M,Orange Strap,1.743
Noise,1749,6999,75,Bank Offer,Regular,Deep Wine Strap,1.96
Noise,1699,6999,75,Bank Offer,Regular,Black Strap,1.96
Pebble,2299,6499,64,Bank Offer,Free Size,Grey Strap,1.39
Olivepranc,2198,9999,78,Daily Saver,L,Rose Pink,1.743
WELLSYS,29999,59999,50,Bank Offer,Free Size,Orange Strap,1.743
NIKHILX,799,3499,77,Bank Offer,Free,Classic Black Strap,1.743
Boult,2499,6999,64,Hot Deal,Free Size,Jet Black Strap,1.43
Boult,1499,8499,82,Bank Offer,Free Size,Snow Leather Strap,1.85
WELLSYS,6999,12999,46,Bank Offer,Free Size,Orange Alpine Strap,1.743
Pebble,1999,5999,66,Bank Offer,Free Size,Orange Strap,1.39
TXOR,1999,4999,60,Bank Offer,Free Size,Black Strap,1.78
Noise,1799,4999,64,Bank Offer,Regular,Green Strap,1.38
Bonafide,1169,6999,83,Bank Offer,Free Size,Black Strap,2.19
Sekyo,2198,3999,45,Bank Offer,Regular,Blue Strap,1.743
Wings,1999,3999,50,Bank Offer,One Size,Tan Strap,2.01
ASAAN,759,9999,92,Bank Offer,Free Size,Orange Strap,1.743
Boult,2299,9999,77,Bank Offer,Free Size,Black Strap,1.78
Ambrane,1499,5299,71,Daily Saver,Regular,Green Strap,1.85
VINJURI,849,5999,85,Bank Offer,For All,Orange Strap,1.743
SmartOne,819,14999,94,Bank Offer,Free,Classic Black Strap,1.743
Boult,1399,4499,68,Hot Deal,Free Size,Black Strap,1.95
Noise,1749,6999,75,Bank Offer,Regular,Pink Strap,1.96
OMNIKART,725,7999,90,Bank Offer,All,Orange Strap,1.743
SmartOne,785,15664,94,Bank Offer,Free,Orange Alpine Strap,1.743
Ephemeral,920,5999,84,Bank Offer,Free,Orange Strap,1.9
Pebble,1999,5999,66,Bank Offer,Free Size,Black Strap,1.39
Boult,2499,6999,64,Hot Deal,Free Size,Silver Strap,1.43
Boult,1499,8499,82,Bank Offer,Free Size,Denim Blue Strap,1.85
gotten,755,14999,94,Daily Saver,Free Size,Orange Strap,1.743
sanwaria,950,4999,80,Bank Offer,Free,Black Strap,1.9
Noise,1999,7999,75,Bank Offer,Regular,Black Strap,1.91
Boult,1399,4499,68,Hot Deal,Free Size,Yellow Strap,1.95
Gamesir,1500,4999,69,Hot Deal, 1.9 Inch Big Sunlight Proof Display,Gold Strap,1.743
LuxuryKase,1619,3999,59,Bank Offer,Free Size,Black Strap,1.743
VINJURI,759,5999,87,Bank Offer,Free Size,Orange Strap,1.743
PunnkFunnk,699,2999,76,Bank Offer,Free Size,Black Strap,1.743
Boult,2299,9999,77,Bank Offer,Free Size,Blue Strap,1.78
Noise,1749,6999,75,Bank Offer,Regular,Deep Wine Strap,1.96
beatXP,1499,5499,72,Bank Offer,Free Size,Persian Blue Strap,1.38
Melbon,1000,1999,49,Bank Offer,M,Orange Strap,1.743
Noise,1699,6999,75,Bank Offer,Regular,Black Strap,1.96
Boult,2499,6999,64,Hot Deal,Free Size,Jet Black Strap,1.43
Pebble,2299,6499,64,Bank Offer,Free Size,Grey Strap,1.39
Olivepranc,2198,9999,78,Daily Saver,L,Rose Pink,1.743
WELLSYS,29999,59999,50,Bank Offer,Free Size,Orange Strap,1.743
NIKHILX,799,3499,77,Bank Offer,Free,Classic Black Strap,1.743
Boult,1499,8499,82,Bank Offer,Free Size,Snow Leather Strap,1.85
Noise,1799,4999,64,Bank Offer,Regular,Green Strap,1.38
WELLSYS,6999,12999,46,Bank Offer,Free Size,Orange Alpine Strap,1.743
Pebble,1999,5999,66,Bank Offer,Free Size,Orange Strap,1.39
Boult,2299,9999,77,Bank Offer,Free Size,Black Strap,1.78
TXOR,1999,4999,60,Bank Offer,Free Size,Black Strap,1.78
Bonafide,1169,6999,83,Bank Offer,Free Size,Black Strap,2.19
Sekyo,2198,3999,45,Bank Offer,Regular,Blue Strap,1.743
Wings,1999,3999,50,Bank Offer,One Size,Tan Strap,2.01
ASAAN,759,9999,92,Bank Offer,Free Size,Orange Strap,1.743
Ambrane,1499,5299,71,Daily Saver,Regular,Green Strap,1.85
Boult,2499,5999,58,Bank Offer,Free Size,Midnight Marine Strap,1.52
VINJURI,849,5999,85,Bank Offer,For All,Orange Strap,1.743
SmartOne,819,14999,94,Bank Offer,Free,Classic Black Strap,1.743
Boult,1399,4499,68,Hot Deal,Free Size,Black Strap,1.95
Noise,1749,6999,75,Bank Offer,Regular,Pink Strap,1.96
OMNIKART,725,7999,90,Bank Offer,All,Orange Strap,1.743
SmartOne,785,15664,94,Bank Offer,Free,Orange Alpine Strap,1.743
Ephemeral,920,5999,84,Bank Offer,Free,Orange Strap,1.9
Pebble,1999,5999,66,Bank Offer,Free Size,Black Strap,1.39
Boult,1499,8499,82,Bank Offer,Free Size,Denim Blue Strap,1.85
Boult,2499,6999,64,Hot Deal,Free Size,Silver Strap,1.43
gotten,755,14999,94,Daily Saver,Free Size,Orange Strap,1.743
sanwaria,950,4999,80,Bank Offer,Free,Black Strap,1.9
Noise,1999,7999,75,Bank Offer,Regular,Black Strap,1.91
Boult,1399,4499,68,Hot Deal,Free Size,Yellow Strap,1.95
Gamesir,1500,4999,69,Hot Deal, 1.9 Inch Big Sunlight Proof Display,Gold Strap,1.743
LuxuryKase,1619,3999,59,Bank Offer,Free Size,Black Strap,1.743
VINJURI,759,5999,87,Bank Offer,Free Size,Orange Strap,1.743
PunnkFunnk,699,2999,76,Bank Offer,Free Size,Black Strap,1.743
Boult,2299,9999,77,Bank Offer,Free Size,Blue Strap,1.78
Noise,1799,4999,64,Save extra with combo offers,Regular,Black Strap,1.38
beatXP,1499,5499,72,Bank Offer,Free Size,Persian Blue Strap,1.38
Melbon,1000,1999,49,Bank Offer,M,Orange Strap,1.743
Noise,1749,6999,75,Bank Offer,Regular,Deep Wine Strap,1.96
Noise,1699,6999,75,Bank Offer,Regular,Black Strap,1.96
Pebble,2299,6499,64,Bank Offer,Free Size,Grey Strap,1.39
Olivepranc,2198,9999,78,Daily Saver,L,Rose Pink,1.743
WELLSYS,29999,59999,50,Bank Offer,Free Size,Orange Strap,1.743
NIKHILX,799,3499,77,Bank Offer,Free,Classic Black Strap,1.743
Boult,2499,6999,64,Hot Deal,Free Size,Jet Black Strap,1.43
Boult,1499,8499,82,Bank Offer,Free Size,Snow Leather Strap,1.85
WELLSYS,6999,12999,46,Bank Offer,Free Size,Orange Alpine Strap,1.743
Pebble,1999,5999,66,Bank Offer,Free Size,Orange Strap,1.39
TXOR,1999,4999,60,Bank Offer,Free Size,Black Strap,1.78
Noise,1799,4999,64,Bank Offer,Regular,Green Strap,1.38
Bonafide,1169,6999,83,Bank Offer,Free Size,Black Strap,2.19
Sekyo,2198,3999,45,Bank Offer,Regular,Blue Strap,1.743
Wings,1999,3999,50,Bank Offer,One Size,Tan Strap,2.01
ASAAN,759,9999,92,Bank Offer,Free Size,Orange Strap,1.743
Boult,2299,9999,77,Bank Offer,Free Size,Black Strap,1.78
Ambrane,1499,5299,71,Daily Saver,Regular,Green Strap,1.85
VINJURI,849,5999,85,Bank Offer,For All,Orange Strap,1.743
SmartOne,819,14999,94,Bank Offer,Free,Classic Black Strap,1.743
Boult,1399,4499,68,Hot Deal,Free Size,Black Strap,1.95
Noise,1749,6999,75,Bank Offer,Regular,Pink Strap,1.96
OMNIKART,725,7999,90,Bank Offer,All,Orange Strap,1.743
SmartOne,785,15664,94,Bank Offer,Free,Orange Alpine Strap,1.743
Ephemeral,920,5999,84,Bank Offer,Free,Orange Strap,1.9
Pebble,1999,5999,66,Bank Offer,Free Size,Black Strap,1.39
Boult,2499,6999,64,Hot Deal,Free Size,Silver Strap,1.43
Boult,1499,8499,82,Bank Offer,Free Size,Denim Blue Strap,1.85
gotten,755,14999,94,Daily Saver,Free Size,Orange Strap,1.743
sanwaria,950,4999,80,Bank Offer,Free,Black Strap,1.9
Noise,1999,7999,75,Bank Offer,Regular,Black Strap,1.91
Boult,1399,4499,68,Hot Deal,Free Size,Yellow Strap,1.95
Gamesir,1500,4999,69,Hot Deal, 1.9 Inch Big Sunlight Proof Display,Gold Strap,1.743
LuxuryKase,1619,3999,59,Bank Offer,Free Size,Black Strap,1.743
VINJURI,759,5999,87,Bank Offer,Free Size,Orange Strap,1.743
PunnkFunnk,699,2999,76,Bank Offer,Free Size,Black Strap,1.743
Boult,2299,9999,77,Bank Offer,Free Size,Blue Strap,1.78
Noise,1799,4999,64,Save extra with combo offers,Regular,Black Strap,1.38
beatXP,1499,5499,72,Bank Offer,Free Size,Persian Blue Strap,1.38
Melbon,1000,1999,49,Bank Offer,M,Orange Strap,1.743
Noise,1749,6999,75,Bank Offer,Regular,Deep Wine Strap,1.96
Noise,1699,6999,75,Bank Offer,Regular,Black Strap,1.96
Pebble,2299,6499,64,Bank Offer,Free Size,Grey Strap,1.39
Olivepranc,2198,9999,78,Daily Saver,L,Rose Pink,1.743
WELLSYS,29999,59999,50,Bank Offer,Free Size,Orange Strap,1.743
NIKHILX,799,3499,77,Bank Offer,Free,Classic Black Strap,1.743
Boult,2499,6999,64,Hot Deal,Free Size,Jet Black Strap,1.43
Boult,1499,8499,82,Bank Offer,Free Size,Snow Leather Strap,1.85
WELLSYS,6999,12999,46,Bank Offer,Free Size,Orange Alpine Strap,1.743
Pebble,1999,5999,66,Bank Offer,Free Size,Orange Strap,1.39
Noise,1799,4999,64,Bank Offer,Regular,Green Strap,1.38
TXOR,1999,4999,60,Bank Offer,Free Size,Black Strap,1.78
Bonafide,1169,6999,83,Bank Offer,Free Size,Black Strap,2.19
Sekyo,2198,3999,45,Bank Offer,Regular,Blue Strap,1.743
Wings,1999,3999,50,Bank Offer,One Size,Tan Strap,2.01
ASAAN,759,9999,92,Bank Offer,Free Size,Orange Strap,1.743
Boult,2299,9999,77,Bank Offer,Free Size,Black Strap,1.78
Noise,1999,7999,75,Bank Offer,Regular,Metallic Black Strap,1.91
VINJURI,849,5999,85,Bank Offer,For All,Orange Strap,1.743
SmartOne,819,14999,94,Bank Offer,Free,Classic Black Strap,1.743
Boult,1399,4499,68,Hot Deal,Free Size,Black Strap,1.95
Noise,1749,6999,75,Bank Offer,Regular,Pink Strap,1.96
OMNIKART,725,7999,90,Bank Offer,All,Orange Strap,1.743
SmartOne,785,15664,94,Bank Offer,Free,Orange Alpine Strap,1.743
Ephemeral,920,5999,84,Bank Offer,Free,Orange Strap,1.9
Pebble,1999,5999,66,Bank Offer,Free Size,Black Strap,1.39
Boult,1499,8499,82,Bank Offer,Free Size,Denim Blue Strap,1.85
Boult,2499,6999,64,Hot Deal,Free Size,Silver Strap,1.43
gotten,755,14999,94,Daily Saver,Free Size,Orange Strap,1.743
sanwaria,950,4999,80,Bank Offer,Free,Black Strap,1.9
Noise,1999,7999,75,Bank Offer,Regular,Black Strap,1.91
Boult,1399,4499,68,Hot Deal,Free Size,Yellow Strap,1.95
Gamesir,1500,4999,69,Hot Deal, 1.9 Inch Big Sunlight Proof Display,Gold Strap,1.743
LuxuryKase,1619,3999,59,Bank Offer,Free Size,Black Strap,1.743
VINJURI,759,5999,87,Bank Offer,Free Size,Orange Strap,1.743
PunnkFunnk,699,2999,76,Bank Offer,Free Size,Black Strap,1.743
Boult,2299,9999,77,Bank Offer,Free Size,Blue Strap,1.78
Noise,1799,4999,64,Save extra with combo offers,Regular,Black Strap,1.38
beatXP,1499,5499,72,Bank Offer,Free Size,Persian Blue Strap,1.38
Melbon,1000,1999,49,Bank Offer,M,Orange Strap,1.743
Noise,1749,6999,75,Bank Offer,Regular,Deep Wine Strap,1.96
Noise,1699,6999,75,Bank Offer,Regular,Black Strap,1.96
Pebble,2299,6499,64,Bank Offer,Free Size,Grey Strap,1.39
Olivepranc,2198,9999,78,Daily Saver,L,Rose Pink,1.743
WELLSYS,29999,59999,50,Bank Offer,Free Size,Orange Strap,1.743
NIKHILX,799,3499,77,Bank Offer,Free,Classic Black Strap,1.743
Boult,2499,6999,64,Hot Deal,Free Size,Jet Black Strap,1.43
Boult,1499,8499,82,Bank Offer,Free Size,Snow Leather Strap,1.85
WELLSYS,6999,12999,46,Bank Offer,Free Size,Orange Alpine Strap,1.743
Pebble,1999,5999,66,Bank Offer,Free Size,Orange Strap,1.39
TXOR,1999,4999,60,Bank Offer,Free Size,Black Strap,1.78
Noise,1799,4999,64,Bank Offer,Regular,Green Strap,1.38
Bonafide,1169,6999,83,Bank Offer,Free Size,Black Strap,2.19
Sekyo,2198,3999,45,Bank Offer,Regular,Blue Strap,1.743
Wings,1999,3999,50,Bank Offer,One Size,Tan Strap,2.01
ASAAN,759,9999,92,Bank Offer,Free Size,Orange Strap,1.743
Boult,2299,9999,77,Bank Offer,Free Size,Black Strap,1.78
Ambrane,1499,5299,71,Daily Saver,Regular,Green Strap,1.85
VINJURI,849,5999,85,Bank Offer,For All,Orange Strap,1.743
SmartOne,819,14999,94,Bank Offer,Free,Classic Black Strap,1.743
Boult,1399,4499,68,Hot Deal,Free Size,Black Strap,1.95
Noise,1749,6999,75,Bank Offer,Regular,Pink Strap,1.96
boAt,2499,6499,61,Bank Offer,Free Size,Blue Strap,1.743
Olivepranc,2198,9999,78,Daily Saver,L,Rose Pink,1.743
Melbon,1700,5000,66,Bank Offer,One Size,Gold Strap,1.743
OMNIKART,649,2499,74,Bank Offer,Free Size,Black Strap,1.743
Boult,2499,6999,64,Hot Deal,Free Size,Silver Strap,1.43
Boult,1499,8499,82,Bank Offer,Free Size,Denim Blue Strap,1.85
Ykarn,490,1499,67,Bank Offer,Free,Black Strap,1.743
beatXP,2299,7999,71,Bank Offer,Free Size,Electric Black Strap,1.96
Boult,1399,4499,68,Hot Deal,Free Size,Yellow Strap,1.95
Boult,2299,9999,77,Bank Offer,Free Size,Blue Strap,1.78
APEX,841,1399,39,Bank Offer,Regular,Black Strap,1.743
VINJURI,794,5899,86,Bank Offer,Free Size,Orange Strap,1.743
Lookar,780,3999,80,Bank Offer,For All,Orange Strap,1.743
Melbon,1500,4999,69,Bank Offer,Free,Aqua Blue Strap,1.743
Noise,1999,7999,75,Bank Offer,Regular,Black Strap,1.91
Noise,1749,6999,75,Bank Offer,Regular,Deep Wine Strap,1.96
JANROCK,899,2499,64,Hot Deal,Free Size,Orange Strap,1.743
Pebble,1999,5999,66,Bank Offer,Free Size,Black Strap,1.39
Noise,1699,6999,75,Bank Offer,Regular,Black Strap,1.96
Boult,2499,6999,64,Hot Deal,Free Size,Jet Black Strap,1.43
NIKHILX,799,2499,68,Bank Offer,For All,Orange Alpine Strap,1.743
FITRIC,698,2999,76,Bank Offer,One Size,Black Strap,1.743
NAS,742,3999,81,Bank Offer,Free,Orange Strap,1.743
HLMT,399,999,60,Bank Offer,M,Orange Strap,1.743
Boult,1499,8499,82,Bank Offer,Free Size,Snow Leather Strap,1.85
Noise,1799,4999,64,Bank Offer,Regular,Green Strap,1.38
Pebble,2299,6499,64,Bank Offer,Free Size,Blue Strap,1.39
Fire-Boltt,1999,15999,87,Bank Offer,Free Size,Active Black Strap,1.43
Boult,2299,9999,77,Bank Offer,Free Size,Black Strap,1.78
TXOR,1999,4999,60,Bank Offer,Free Size,Black Strap,1.78
Ucool,799,7999,90,Bank Offer,Regular,Black Strap,1.96
TECHMAZE,799,1999,60,Bank Offer,Free,Black Strap,1.743
TECHOFFICIAL,349,899,61,Bank Offer,Free,Black Strap,1.743
ULTRON,1999,6999,71,Bank Offer,Free,Purple Strap,1.743
Ambrane,1499,5299,71,Daily Saver,Regular,Green Strap,1.85
Boult,2499,5999,58,Bank Offer,Free Size,Midnight Marine Strap,1.52
Like,899,4999,82,Bank Offer,L,Orange Strap,1.743
Techfly,918,5999,84,Bank Offer,Free,Black Strap,1.743
